Workbook

Sheet Критерии
A1: Власов Роман Евгеньевич 250541 Вариант 2
A2: Матрица парных сравнений критериев по важности
B3: K1 | C3: K2 | D3: K3
A4: K1 | B4: =IF(B9=$B$9, 1, IF(B9>$B$9, 2*ABS(B9-$B$9)+1, 1/(2*ABS(B9-$B$9)+1))) -> 1 | C4: =IF(B9=$B$10, 1, IF(B9>$B$10, 2*ABS(B9-$B$10)+1, 1/(2*ABS(B9-$B$10)+1))) -> 0.33333333 | D4: =IF(B9=$B$11, 1, IF(B9>$B$11, 2*ABS(B9-$B$11)+1, 1/(2*ABS(B9-$B$11)+1))) -> 0.2
A5: K2 | B5: =IF(B10=$B$9, 1, IF(B10>B$9, 2*ABS(B10-B$9)+1, 1/(2*ABS(B10-B$9)+1))) -> 3 | C5: =IF(B10=$B$10, 1, IF(B10>$B$10, 2*ABS(B10-$B$10)+1, 1/(2*ABS(B10-$B$10)+1))) -> 1 | D5: =IF(B10=$B$11, 1, IF(B10>$B$11, 2*ABS(B10-$B$11)+1, 1/(2*ABS(B10-$B$11)+1))) -> 0.33333333
A6: K3 | B6: =IF(B11=$B$9, 1, IF(B11>B$9, 2*ABS(B11-B$9)+1, 1/(2*ABS(B11-B$9)+1))) -> 5 | C6: =IF(B11=$B$10, 1, IF(B11>$B$10, 2*ABS(B11-$B$10)+1, 1/(2*ABS(B11-$B$10)+1))) -> 3 | D6: =IF(B11=$B$11, 1, IF(B11>$B$11, 2*ABS(B11-$B$11)+1, 1/(2*ABS(B11-$B$11)+1))) -> 1
A9: K1 | B9: 1 | C9: Производительность | E9: Мнение первого эксперта
A10: K2 | B10: 2 | C10: Надежность
A11: K3 | B11: 3 | C11: Стоимость станка
A13: С1 | B13: =GEOMEAN(B4:D4) -> 0.40548013 | C13: ЛК1 | D13: =B13/B16 -> 0.10472943 | F13: СТ - Станок
A14: С2 | B14: =GEOMEAN(B5:D5) -> 1 | C14: ЛК2 | D14: =B14/B16 -> 0.25828499 | F14: Был убран СТ5, так как производительность СТ2 на 5 изделий/ч выше,
A15: С3 | B15: =GEOMEAN(B6:D6) -> 2.4662121 | C15: ЛК3 | D15: =B15/B16 -> 0.63698557 | F15: а по остльным параметрам они равны
A16: С | B16: =SUM(B13:B15) -> 3.8716922
A19: С - сумма средних геометрических строк матрицы
A20: ЛК - локальный приоритет критерия
A22: Глобальный приоритет альтернатив
A23: GП1 | B23: =('Критерий 1'!E16*$D$13)+('Критерий 2'!E16*$D$14)+('Критерий 3'!E16*$D$15) -> 0.15504659
A24: GП2 | B24: =('Критерий 1'!E17*$D$13)+('Критерий 2'!E17*$D$14)+('Критерий 3'!E17*$D$15) -> 0.16672392
A25: GП3 | B25: =('Критерий 1'!E18*$D$13)+('Критерий 2'!E18*$D$14)+('Критерий 3'!E18*$D$15) -> 0.25339103
A26: GП5 | B26: =('Критерий 1'!E19*$D$13)+('Критерий 2'!E19*$D$14)+('Критерий 3'!E19*$D$15) -> 0.15403543
A27: GП6 | B27: =('Критерий 1'!E20*$D$13)+('Критерий 2'!E20*$D$14)+('Критерий 3'!E20*$D$15) -> 0.27080302

Sheet Критерий 1
A1: Матрица парных сравнений альтернатив по критерию ''Производительность''
B3: СТ1 | C3: СТ2 | D3: СТ3 | E3: СТ4 | F3: СТ6
A4: СТ1 | B4: =IF($B10=$B$10, 1, IF($B10>$B$10, 2*ABS($B10-$B$10)+1, 1/(2*ABS($B10-$B$10)+1))) -> 1 | C4: =IF($B10=$B$11, 1, IF($B10>$B$11, 2*ABS($B10-$B$11)+1, 1/(2*ABS($B10-$B$11)+1))) -> 1 | D4: =IF($B10=$B$12, 1, IF($B10>$B$12, 2*ABS($B10-$B$12)+1, 1/(2*ABS($B10-$B$12)+1))) -> 3 | E4: =IF($B10=$B$13, 1, IF($B10>$B$13, 2*ABS($B10-$B$13)+1, 1/(2*ABS($B10-$B$13)+1))) -> 0.33333333 | F4: =IF($B10=$B$14, 1, IF($B10>$B$14, 2*ABS($B10-$B$14)+1, 1/(2*ABS($B10-$B$14)+1))) -> 5
A5: СТ2 | B5: =IF($B11=$B$10, 1, IF($B11>$B$10, 2*ABS($B11-$B$10)+1, 1/(2*ABS($B11-$B$10)+1))) -> 1 | C5: =IF($B11=$B$11, 1, IF($B11>$B$11, 2*ABS($B11-$B$11)+1, 1/(2*ABS($B11-$B$11)+1))) -> 1 | D5: =IF($B11=$B$12, 1, IF($B11>$B$12, 2*ABS($B11-$B$12)+1, 1/(2*ABS($B11-$B$12)+1))) -> 3 | E5: =IF($B11=$B$13, 1, IF($B11>$B$13, 2*ABS($B11-$B$13)+1, 1/(2*ABS($B11-$B$13)+1))) -> 0.33333333 | F5: =IF($B11=$B$14, 1, IF($B11>$B$14, 2*ABS($B11-$B$14)+1, 1/(2*ABS($B11-$B$14)+1))) -> 5
A6: СТ3 | B6: =IF($B12=$B$10, 1, IF($B12>$B$10, 2*ABS($B12-$B$10)+1, 1/(2*ABS($B12-$B$10)+1))) -> 0.33333333 | C6: =IF($B12=$B$11, 1, IF($B12>$B$11, 2*ABS($B12-$B$11)+1, 1/(2*ABS($B12-$B$11)+1))) -> 0.33333333 | D6: =IF($B12=$B$12, 1, IF($B12>$B$12, 2*ABS($B12-$B$12)+1, 1/(2*ABS($B12-$B$12)+1))) -> 1 | E6: =IF($B12=$B$13, 1, IF($B12>$B$13, 2*ABS($B12-$B$13)+1, 1/(2*ABS($B12-$B$13)+1))) -> 0.2 | F6: =IF($B12=$B$14, 1, IF($B12>$B$14, 2*ABS($B12-$B$14)+1, 1/(2*ABS($B12-$B$14)+1))) -> 3
A7: СТ4 | B7: =IF($B13=$B$10, 1, IF($B13>$B$10, 2*ABS($B13-$B$10)+1, 1/(2*ABS($B13-$B$10)+1))) -> 3 | C7: =IF($B13=$B$11, 1, IF($B13>$B$11, 2*ABS($B13-$B$11)+1, 1/(2*ABS($B13-$B$11)+1))) -> 3 | D7: =IF($B13=$B$12, 1, IF($B13>$B$12, 2*ABS($B13-$B$12)+1, 1/(2*ABS($B13-$B$12)+1))) -> 5 | E7: =IF($B13=$B$13, 1, IF($B13>$B$13, 2*ABS($B13-$B$13)+1, 1/(2*ABS($B13-$B$13)+1))) -> 1 | F7: =IF($B13=$B$14, 1, IF($B13>$B$14, 2*ABS($B13-$B$14)+1, 1/(2*ABS($B13-$B$14)+1))) -> 7
A8: СТ6 | B8: =IF($B14=$B$10, 1, IF($B14>$B$10, 2*ABS($B14-$B$10)+1, 1/(2*ABS($B14-$B$10)+1))) -> 0.2 | C8: =IF($B14=$B$11, 1, IF($B14>$B$11, 2*ABS($B14-$B$11)+1, 1/(2*ABS($B14-$B$11)+1))) -> 0.2 | D8: =IF($B14=$B$12, 1, IF($B14>$B$12, 2*ABS($B14-$B$12)+1, 1/(2*ABS($B14-$B$12)+1))) -> 0.33333333 | E8: =IF($B14=$B$13, 1, IF($B14>$B$13, 2*ABS($B14-$B$13)+1, 1/(2*ABS($B14-$B$13)+1))) -> 0.14285714 | F8: =IF($B14=$B$14, 1, IF($B14>$B$14, 2*ABS($B14-$B$14)+1, 1/(2*ABS($B14-$B$14)+1))) -> 1
A10: СТ1 | B10: 3
A11: СТ2 | B11: 3
A12: СТ3 | B12: 2
A13: СТ4 | B13: 4
A14: СТ6 | B14: 1
A16: С1 | B16: =GEOMEAN(B4:F4) -> 1.3797297 | D16: ЛК1СТ1= | E16: =B16/B21 -> 0.20329526
A17: C2 | B17: =GEOMEAN(B5:F5) -> 1.3797297 | D17: ЛК1СТ2= | E17: =B17/B21 -> 0.20329526
A18: C3 | B18: =GEOMEAN(B6:F6) -> 0.58181076 | D18: ЛК1СТ3= | E18: =B18/B21 -> 0.085726482
A19: C4 | B19: =GEOMEAN(B7:F7) -> 3.1598183 | D19: ЛК1СТ4= | E19: =B19/B21 -> 0.46558112
A20: С6 | B20: =GEOMEAN(B8:F8) -> 0.28573809 | D20: ЛК1СТ6= | E20: =B20/B21 -> 0.042101871
A21: С | B21: =SUM(B16:B20) -> 6.7868265
A24: С - сумма средних геометрических строк матрицы
A25: ЛК1СТ - локальный приоритет альтернатив относительно критерия 1

Sheet Критерий 2
A1: Матрица парных сравнений альтернатив по критерию "Надежность"
B3: СТ1 | C3: СТ2 | D3: СТ3 | E3: СТ4 | F3: СТ6
A4: СТ1 | B4: =IF($B10=$B$10, 1, IF($B10>$B$10, 2*ABS($B10-$B$10)+1, 1/(2*ABS($B10-$B$10)+1))) -> 1 | C4: =IF($B10=$B$11, 1, IF($B10>$B$11, 2*ABS($B10-$B$11)+1, 1/(2*ABS($B10-$B$11)+1))) -> 0.33333333 | D4: =IF($B10=$B$12, 1, IF($B10>$B$12, 2*ABS($B10-$B$12)+1, 1/(2*ABS($B10-$B$12)+1))) -> 3 | E4: =IF($B10=$B$13, 1, IF($B10>$B$13, 2*ABS($B10-$B$13)+1, 1/(2*ABS($B10-$B$13)+1))) -> 0.5 | F4: =IF($B10=$B$14, 1, IF($B10>$B$14, 2*ABS($B10-$B$14)+1, 1/(2*ABS($B10-$B$14)+1))) -> 1
A5: СТ2 | B5: =IF($B11=$B$10, 1, IF($B11>$B$10, 2*ABS($B11-$B$10)+1, 1/(2*ABS($B11-$B$10)+1))) -> 3 | C5: =IF($B11=$B$11, 1, IF($B11>$B$11, 2*ABS($B11-$B$11)+1, 1/(2*ABS($B11-$B$11)+1))) -> 1 | D5: =IF($B11=$B$12, 1, IF($B11>$B$12, 2*ABS($B11-$B$12)+1, 1/(2*ABS($B11-$B$12)+1))) -> 5 | E5: =IF($B11=$B$13, 1, IF($B11>$B$13, 2*ABS($B11-$B$13)+1, 1/(2*ABS($B11-$B$13)+1))) -> 2 | F5: =IF($B11=$B$14, 1, IF($B11>$B$14, 2*ABS($B11-$B$14)+1, 1/(2*ABS($B11-$B$14)+1))) -> 3
A6: СТ3 | B6: =IF($B12=$B$10, 1, IF($B12>$B$10, 2*ABS($B12-$B$10)+1, 1/(2*ABS($B12-$B$10)+1))) -> 0.33333333 | C6: =IF($B12=$B$11, 1, IF($B12>$B$11, 2*ABS($B12-$B$11)+1, 1/(2*ABS($B12-$B$11)+1))) -> 0.2 | D6: =IF($B12=$B$12, 1, IF($B12>$B$12, 2*ABS($B12-$B$12)+1, 1/(2*ABS($B12-$B$12)+1))) -> 1 | E6: =IF($B12=$B$13, 1, IF($B12>$B$13, 2*ABS($B12-$B$13)+1, 1/(2*ABS($B12-$B$13)+1))) -> 0.25 | F6: =IF($B12=$B$14, 1, IF($B12>$B$14, 2*ABS($B12-$B$14)+1, 1/(2*ABS($B12-$B$14)+1))) -> 0.33333333
A7: СТ4 | B7: =IF($B13=$B$10, 1, IF($B13>$B$10, 2*ABS($B13-$B$10)+1, 1/(2*ABS($B13-$B$10)+1))) -> 2 | C7: =IF($B13=$B$11, 1, IF($B13>$B$11, 2*ABS($B13-$B$11)+1, 1/(2*ABS($B13-$B$11)+1))) -> 0.5 | D7: =IF($B13=$B$12, 1, IF($B13>$B$12, 2*ABS($B13-$B$12)+1, 1/(2*ABS($B13-$B$12)+1))) -> 4 | E7: =IF($B13=$B$13, 1, IF($B13>$B$13, 2*ABS($B13-$B$13)+1, 1/(2*ABS($B13-$B$13)+1))) -> 1 | F7: =IF($B13=$B$14, 1, IF($B13>$B$14, 2*ABS($B13-$B$14)+1, 1/(2*ABS($B13-$B$14)+1))) -> 2
A8: СТ6 | B8: =IF($B14=$B$10, 1, IF($B14>$B$10, 2*ABS($B14-$B$10)+1, 1/(2*ABS($B14-$B$10)+1))) -> 1 | C8: =IF($B14=$B$11, 1, IF($B14>$B$11, 2*ABS($B14-$B$11)+1, 1/(2*ABS($B14-$B$11)+1))) -> 0.33333333 | D8: =IF($B14=$B$12, 1, IF($B14>$B$12, 2*ABS($B14-$B$12)+1, 1/(2*ABS($B14-$B$12)+1))) -> 3 | E8: =IF($B14=$B$13, 1, IF($B14>$B$13, 2*ABS($B14-$B$13)+1, 1/(2*ABS($B14-$B$13)+1))) -> 0.5 | F8: =IF($B14=$B$14, 1, IF($B14>$B$14, 2*ABS($B14-$B$14)+1, 1/(2*ABS($B14-$B$14)+1))) -> 1
A10: СТ1 | B10: 2
A11: СТ2 | B11: 3
A12: СТ3 | B12: 1
A13: СТ4 | B13: 2.5
A14: СТ6 | B14: 2
A16: С1 | B16: =GEOMEAN(B4:F4) -> 0.87055056 | D16: ЛК2СТ1 | E16: =B16/B21 -> 0.14341193
A17: C2 | B17: =GEOMEAN(B5:F5) -> 2.4595095 | D17: ЛК2СТ2 | E17: =B17/B21 -> 0.40517232
A18: C3 | B18: =GEOMEAN(B6:F6) -> 0.35395292 | D18: ЛК2СТ3 | E18: =B18/B21 -> 0.058309158
A19: C4 | B19: =GEOMEAN(B7:F7) -> 1.5157166 | D19: ЛК2СТ4 | E19: =B19/B21 -> 0.24969467
A20: С6 | B20: =GEOMEAN(B8:F8) -> 0.87055056 | D20: ЛК2СТ6 | E20: =B20/B21 -> 0.14341193
A21: С | B21: =SUM(B16:B20) -> 6.0702801
A24: С - сумма средних геометрических строк матрицы
A25: ЛК2СТ - локальный приоритет альтернатив относительно критерия 2

Sheet Критерий 3
A1: Матрица парных сравнений альтернатив по критерию ''Стоимость станка''
B3: СТ1 | C3: СТ2 | D3: СТ3 | E3: СТ4 | F3: СТ6
A4: СТ1 | B4: =IF($B10=$B$10, 1, IF($B10>$B$10, 2*ABS($B10-$B$10)+1, 1/(2*ABS($B10-$B$10)+1))) -> 1 | C4: =IF($B10=$B$11, 1, IF($B10>$B$11, 2*ABS($B10-$B$11)+1, 1/(2*ABS($B10-$B$11)+1))) -> 3 | D4: =IF($B10=$B$12, 1, IF($B10>$B$12, 2*ABS($B10-$B$12)+1, 1/(2*ABS($B10-$B$12)+1))) -> 0.33333333 | E4: =IF($B10=$B$13, 1, IF($B10>$B$13, 2*ABS($B10-$B$13)+1, 1/(2*ABS($B10-$B$13)+1))) -> 3 | F4: =IF($B10=$B$14, 1, IF($B10>$B$14, 2*ABS($B10-$B$14)+1, 1/(2*ABS($B10-$B$14)+1))) -> 0.33333333
A5: СТ2 | B5: =IF($B11=$B$10, 1, IF($B11>$B$10, 2*ABS($B11-$B$10)+1, 1/(2*ABS($B11-$B$10)+1))) -> 0.33333333 | C5: =IF($B11=$B$11, 1, IF($B11>$B$11, 2*ABS($B11-$B$11)+1, 1/(2*ABS($B11-$B$11)+1))) -> 1 | D5: =IF($B11=$B$12, 1, IF($B11>$B$12, 2*ABS($B11-$B$12)+1, 1/(2*ABS($B11-$B$12)+1))) -> 0.2 | E5: =IF($B11=$B$13, 1, IF($B11>$B$13, 2*ABS($B11-$B$13)+1, 1/(2*ABS($B11-$B$13)+1))) -> 1 | F5: =IF($B11=$B$14, 1, IF($B11>$B$14, 2*ABS($B11-$B$14)+1, 1/(2*ABS($B11-$B$14)+1))) -> 0.2
A6: СТ3 | B6: =IF($B12=$B$10, 1, IF($B12>$B$10, 2*ABS($B12-$B$10)+1, 1/(2*ABS($B12-$B$10)+1))) -> 3 | C6: =IF($B12=$B$11, 1, IF($B12>$B$11, 2*ABS($B12-$B$11)+1, 1/(2*ABS($B12-$B$11)+1))) -> 5 | D6: =IF($B12=$B$12, 1, IF($B12>$B$12, 2*ABS($B12-$B$12)+1, 1/(2*ABS($B12-$B$12)+1))) -> 1 | E6: =IF($B12=$B$13, 1, IF($B12>$B$13, 2*ABS($B12-$B$13)+1, 1/(2*ABS($B12-$B$13)+1))) -> 5 | F6: =IF($B12=$B$14, 1, IF($B12>$B$14, 2*ABS($B12-$B$14)+1, 1/(2*ABS($B12-$B$14)+1))) -> 1
A7: СТ4 | B7: =IF($B13=$B$10, 1, IF($B13>$B$10, 2*ABS($B13-$B$10)+1, 1/(2*ABS($B13-$B$10)+1))) -> 0.33333333 | C7: =IF($B13=$B$11, 1, IF($B13>$B$11, 2*ABS($B13-$B$11)+1, 1/(2*ABS($B13-$B$11)+1))) -> 1 | D7: =IF($B13=$B$12, 1, IF($B13>$B$12, 2*ABS($B13-$B$12)+1, 1/(2*ABS($B13-$B$12)+1))) -> 0.2 | E7: =IF($B13=$B$13, 1, IF($B13>$B$13, 2*ABS($B13-$B$13)+1, 1/(2*ABS($B13-$B$13)+1))) -> 1 | F7: =IF($B13=$B$14, 1, IF($B13>$B$14, 2*ABS($B13-$B$14)+1, 1/(2*ABS($B13-$B$14)+1))) -> 0.2
A8: СТ6 | B8: =IF($B14=$B$10, 1, IF($B14>$B$10, 2*ABS($B14-$B$10)+1, 1/(2*ABS($B14-$B$10)+1))) -> 3 | C8: =IF($B14=$B$11, 1, IF($B14>$B$11, 2*ABS($B14-$B$11)+1, 1/(2*ABS($B14-$B$11)+1))) -> 5 | D8: =IF($B14=$B$12, 1, IF($B14>$B$12, 2*ABS($B14-$B$12)+1, 1/(2*ABS($B14-$B$12)+1))) -> 1 | E8: =IF($B14=$B$13, 1, IF($B14>$B$13, 2*ABS($B14-$B$13)+1, 1/(2*ABS($B14-$B$13)+1))) -> 5 | F8: =IF($B14=$B$14, 1, IF($B14>$B$14, 2*ABS($B14-$B$14)+1, 1/(2*ABS($B14-$B$14)+1))) -> 1
A10: СТ1 | B10: 2
A11: СТ2 | B11: 1
A12: СТ3 | B12: 3
A13: СТ4 | B13: 1
A14: СТ6 | B14: 3
A16: С1 | B16: =GEOMEAN(B4:F4) -> 1 | D16: ЛК3СТ1 | E16: =B16/B21 -> 0.15183146
A17: C2 | B17: =GEOMEAN(B5:F5) -> 0.42168461 | D17: ЛК3СТ2 | E17: =B17/B21 -> 0.064024988
A18: C3 | B18: =GEOMEAN(B6:F6) -> 2.3714406 | D18: ЛК3СТ3 | E18: =B18/B21 -> 0.36005928
A19: C4 | B19: =GEOMEAN(B7:F7) -> 0.42168461 | D19: ЛК3СТ4 | E19: =B19/B21 -> 0.064024988
A20: С6 | B20: =GEOMEAN(B8:F8) -> 2.3714406 | D20: ЛК3СТ6 | E20: =B20/B21 -> 0.36005928
A21: С | B21: =SUM(B16:B20) -> 6.5862504
A24: С - сумма средних геометрических строк матрицы
A25: ЛК3СТ - локальный приоритет альтернатив относительно критерия 3
