Workbook

Sheet Критерии
A1: Матрица парных сравнений критериев по важности (1 эксперт) | H1: Матрица парных сравнений критериев по важности (2 эксперт)
B3: К1 | C3: К2 | D3: К3 | I3: К1 | J3: К2 | K3: К3
A4: К1 | B4: 1 | C4: =1/B5 -> 0.14285714 | D4: =1/B6 -> 0.5 | H4: К1 | I4: 1 | J4: 7 | K4: =1/I6 -> 0.125
A5: К2 | B5: 7 | C5: 1 | D5: =1/C6 -> 0.125 | H5: К2 | I5: =1/J4 -> 0.14285714 | J5: 1 | K5: =1/J6 -> 0.5
A6: К3 | B6: 2 | C6: 8 | D6: 1 | H6: К3 | I6: 8 | J6: 2 | K6: 1
A9: С1= | B9: =GEOMEAN(B4:D4) -> 0.41491327 | C9: LК1= | D9: =B9/B12 -> 0.10662804 | H9: С1= | I9: =GEOMEAN(I4:K4) -> 0.95646559 | J9: LК1= | K9: =I9/I12 -> 0.24580089
A10: С2= | B10: =GEOMEAN(B5:D5) -> 0.95646559 | C10: LК2= | D10: =B10/B12 -> 0.24580089 | H10: С2= | I10: =GEOMEAN(I5:K5) -> 0.41491327 | J10: LК2= | K10: =I10/I12 -> 0.10662804
A11: С3= | B11: =GEOMEAN(B6:D6) -> 2.5198421 | C11: LК3= | D11: =B11/B12 -> 0.64757106 | H11: С3= | I11: =GEOMEAN(I6:K6) -> 2.5198421 | J11: LК3= | K11: =I11/I12 -> 0.64757106
A12: С= | B12: =SUM(B9:B11) -> 3.891221 | H12: С= | I12: =SUM(I9:I11) -> 3.891221
A15: С - сумма средних геометрических строк матрицы
A16: LК - локальный приоритет критерия

Sheet Критерий 1
A1: Матрица парных сравнений альтернатив по критерию ''опыт работы''
B3: М2 | C3: М3 | D3: М4 | E3: М5 | F3: М6
A4: М2 | B4: 1 | C4: =1/B5 -> 0.14285714 | D4: =1/B6 -> 0.2 | E4: =1/B7 -> 0.11111111 | F4: =1/B8 -> 0.33333333
A5: М3 | B5: 7 | C5: 1 | D5: 2 | E5: =1/C7 -> 0.5 | F5: 3
A6: М4 | B6: 5 | C6: =1/C7 -> 0.5 | D6: 1 | E6: =1/B8 -> 0.33333333 | F6: 2
A7: М5 | B7: 9 | C7: 2 | D7: 3 | E7: 1 | F7: 5
A8: М6 | B8: 3 | C8: =1/B8 -> 0.33333333 | D8: =1/C7 -> 0.5 | E8: =1/B6 -> 0.2 | F8: 1
A11: С2= | B11: =GEOMEAN(B4:F4) -> 0.25404675 | D11: ЛК1M2= | E11: =B11/B16 -> 0.036845743
A12: С3= | B12: =GEOMEAN(B5:F5) -> 1.8384163 | D12: ЛК1M3= | E12: =B12/B16 -> 0.26663523
A13: С4= | B13: =GEOMEAN(B6:F6) -> 1.1075663 | D13: ЛК1M4= | E13: =B13/B16 -> 0.1606362
A14: С5= | B14: =GEOMEAN(B7:F7) -> 3.0638871 | D14: ЛК1M5= | E14: =B14/B16 -> 0.44437174
A15: С6= | B15: =GEOMEAN(B8:F8) -> 0.63095734 | D15: ЛК1M6= | E15: =B15/B16 -> 0.09151108
A16: С= | B16: =SUM(B11:B15) -> 6.8948738
A19: С - сумма средних геометрических строк матрицы
A20: LК1M - локальный приоритет альтернатив относительно критерия 1

Sheet Критерий 2
A1: Матрица парных сравнений альтернатив по критерию ''уровень развития торговой сети''
B3: М2 | C3: М3 | D3: М4 | E3: М5 | F3: М6
A4: М2 | B4: 1 | C4: 1 | D4: 7 | E4: 9 | F4: 5
A5: М3 | B5: 1 | C5: 1 | D5: 7 | E5: 9 | F5: 5
A6: М4 | B6: =1/D4 -> 0.14285714 | C6: =1/D4 -> 0.14285714 | D6: 1 | E6: 2 | F6: =1/D8 -> 0.33333333
A7: М5 | B7: =1/E4 -> 0.11111111 | C7: =1/E4 -> 0.11111111 | D7: =1/E6 -> 0.5 | E7: 1 | F7: =1/E6 -> 0.5
A8: М6 | B8: =1/F4 -> 0.2 | C8: =1/F4 -> 0.2 | D8: 3 | E8: 2 | F8: 1
A11: С2= | B11: =GEOMEAN(B4:F4) -> 3.1598183 | D11: ЛК2M2= | E11: =B11/B16 -> 0.40461624
A12: С3= | B12: =GEOMEAN(B5:F5) -> 3.1598183 | D12: ЛК2M3= | E12: =B12/B16 -> 0.40461624
A13: С4= | B13: =GEOMEAN(B6:F6) -> 0.42339189 | D13: ЛК2M4= | E13: =B13/B16 -> 0.054215533
A14: С5= | B14: =GEOMEAN(B7:F7) -> 0.31469584 | D14: ЛК2M5= | E14: =B14/B16 -> 0.040296952
A15: С6= | B15: =GEOMEAN(B8:F8) -> 0.75169602 | D15: ЛК2M6= | E15: =B15/B16 -> 0.096255033
A16: С= | B16: =SUM(B11:B15) -> 7.8094204
A19: С - сумма средних геометрических строк матрицы
A20: LК2M - локальный приоритет альтернатив относительно критерия 2

Sheet Критерий 3
A1: Матрица парных сравнений альтернатив по критерию ''репутация''
B3: М2 | C3: М3 | D3: М4 | E3: М5 | F3: М6
A4: М2 | B4: 1 | C4: 3 | D4: 1 | E4: 3 | F4: 1
A5: М3 | B5: =1/3 -> 0.33333333 | C5: 1 | D5: =1/3 -> 0.33333333 | E5: 1 | F5: =1/3 -> 0.33333333
A6: М4 | B6: 1 | C6: 3 | D6: 1 | E6: 3 | F6: 1
A7: М5 | B7: =1/3 -> 0.33333333 | C7: 1 | D7: =1/3 -> 0.33333333 | E7: 1 | F7: =1/3 -> 0.33333333
A8: М6 | B8: 1 | C8: 3 | D8: 1 | E8: 3 | F8: 1
A11: С2= | B11: =GEOMEAN(B4:F4) -> 1.5518456 | D11: ЛК3M2= | E11: =B11/B16 -> 0.27272727 | G11: GM2= | H11: =('Критерий 1'!E11*Критерии!D9)+('Критерий 2'!E11*Критерии!D10)+(E11*Критерии!D11) -> 0.27999411
A12: С3= | B12: =GEOMEAN(B5:F5) -> 0.51728186 | D12: ЛК3M3= | E12: =B12/B16 -> 0.090909091 | G12: GM3= | H12: =('Критерий 1'!E12*Критерии!D9)+('Критерий 2'!E12*Критерии!D10)+('Критерий 3'!E12*Критерии!D11) -> 0.18675592
A13: С4= | B13: =GEOMEAN(B6:F6) -> 1.5518456 | D13: ЛК3M4= | E13: =B13/B16 -> 0.27272727 | G13: GM4= | H13: =('Критерий 1'!E13*Критерии!D9)+('Критерий 2'!E13*Критерии!D10)+('Критерий 3'!E13*Критерии!D11) -> 0.20706484
A14: С5= | B14: =GEOMEAN(B7:F7) -> 0.51728186 | D14: ЛК3M5= | E14: =B14/B16 -> 0.090909091 | G14: GM5= | H14: =('Критерий 1'!E14*Критерии!D9)+('Критерий 2'!E14*Критерии!D10)+('Критерий 3'!E14*Критерии!D11) -> 0.11615761
A15: С6= | B15: =GEOMEAN(B8:F8) -> 1.5518456 | D15: ЛК3M6= | E15: =B15/B16 -> 0.27272727 | G15: GM6= | H15: =('Критерий 1'!E15*Критерии!D9)+('Критерий 2'!E15*Критерии!D10)+('Критерий 3'!E15*Критерии!D11) -> 0.21002751
A16: С= | B16: =SUM(B11:B15) -> 5.6901004
A19: С - сумма средних геометрических строк матрицы
A20: LК3M - локальный приоритет альтернатив относительно критерия 3
A21: GM - глобальный приоритет альтернативы
